{"name":"niccolley_us-zipcode-to-county-state","title":"US Zipcode to County State to FIPS Look Up","description":"A lookup CSV, by quarter, that goes between US Zip Code, FIPS State, & County IDs, City, and County/State Initials.\n\n# About this project\nThis dataset was created to help users to go between County - State Name,  State-County FIPS, City, or to ZIP Code.  Most importantly, this dataset was created because we shouldn't have to pay for free & public data. \n\n### Assumptions\n* HUD uses the most up to date Zip Code boundaries from the USPS when they post their new Quarterly data.\n    *ZIP Codes are updated on a regular basis. [Here is an example announcement](https://about.usps.com/postal-bulletin/2014/pb22390/html/info_002.htm) from the USPS. \n* City data only available from 2018 onward. \n\n### Objectives\n1. Use a ZIP Code to find  County, State string, or FIPS\n2. Find the ZIP Codes within a County or FIPS boundary \n3. Add City information to the FIPS data (Thanks for your feedback users!)\n\n\n### Code\nYou can find the [code that generated these files here.](http://github.com/Data4Democracy/zip-code-to-county)\n*Will update the code once I clean it up. \n\n\n# Data Sources\n### US HUD\nhttps://www.huduser.gov/portal/datasets/usps.html\n\n\n### Census Bureau\n[The table data, direct link](https://www2.census.gov/geo/docs/reference/codes/files/national_county.txt). This data is only updated once every census, 10 years. The [details of the National County text file](https://www.census.gov/geo/reference/codes/cou.html) can be found here\n\n\n\n\n### USPS Zip to City Lookup\n[More information can be found here.](https://www.usps.com/business/web-tools-apis/address-information-api.htm) It's a free API from the USPS. Need to [create a username](https://www.usps.com/business/web-tools-apis/welcome.htm) to pull the data. \n\n\n# Data Dictionary\n\n### Files 2018 -> Newer\n![image.png](https://media.data.world/sIBzNLIBQWi6niJtVvOc_image.png)\n|Column| Defined|\n|--------|--------|\n| ZIP | ZIP Code |\n| STCOUNTFP | US State & County  FIPS ID |\n| CITY | City for that Zip/Fips Code|\n| STATE | US State |\n| COUNTYNAME | US County Name|\n| CLASSFP | FIPS Class Code, as defined by the Census |\n\n### Files 2010-2017\n ![image.png](https://media.data.world/OljxGF6sRYKl882Wrp1A_image.png)\n|Column| Defined|\n|--------|--------|\n| ZIP | ZIP Code |\n| COUNTYNAME | US County Name|\n| STATE | US State |\n| STCOUNTFP | US State & County  FIPS ID |\n| CLASSFP | FIPS Class Code, as defined by the Census |\n\n\n### FIPS Class Code Details [Source Copied 7/29/17](https://www.census.gov/geo/reference/codes/cou.html)\n\n| Code | Defined |\n|--------|--------|\n| H1 |  identifies an active county or statistically equivalent entity that does not qualify under subclass C7 or H6. |\n| H4 | identifies a legally defined inactive or nonfunctioning county or statistically equivalent entity that does not qualify under subclass H6. |\n| H5 |  identifies census areas in Alaska, a statistical county equivalent entity. |\n| H6 |  identifies a county or statistically equivalent entity that is a really coextensive or governmentally consolidated with an incorporated place, part of an incorporated place, or a consolidated city. |\n| C7 | identifies an incorporated place that is an independent city; that is, it also serves as a county equivalent because it is not part of any county, and a minor civil division (MCD) equivalent because it is not part of any MCD. |","homepage":"https://data.world/niccolley/us-zipcode-to-county-state","license":"Public Domain","resources":[{"name":"zip_county_fips_2010_03","schema":{"fields":[{"name":"zip","title":"ZIP","type":"integer","rdfType":"http://www.w3.org/2001/XMLSchema#integer","dwSourceId":"zip"},{"name":"countyname","title":"COUNTYNAME","type":"string","rdfType":"http://www.w3.org/2001/XMLSchema#string","dwSourceId":"countyname"},{"name":"state","title":"STATE","type":"string","rdfType":"http://www.w3.org/2001/XMLSchema#string","dwSourceId":"state"},{"name":"stcountyfp","title":"STCOUNTYFP","type":"integer","rdfType":"http://www.w3.org/2001/XMLSchema#integer","dwSourceId":"stcountyfp"},{"name":"classfp","title":"CLASSFP","type":"string","rdfType":"http://www.w3.org/2001/XMLSchema#string","dwSourceId":"classfp"}]},"path":"data/zip_county_fips_2010_03.csv","format":"csv"},{"name":"zip_county_fips_2010_06","schema":{"fields":[{"name":"zip","title":"ZIP","type":"integer","rdfType":"http://www.w3.org/2001/XMLSchema#integer","dwSourceId":"zip"},{"name":"countyname","title":"COUNTYNAME","type":"string","rdfType":"http://www.w3.org/2001/XMLSchema#string","dwSourceId":"countyname"},{"name":"state","title":"STATE","type":"string","rdfType":"http://www.w3.org/2001/XMLSchema#string","dwSourceId":"state"},{"name":"stcountyfp","title":"STCOUNTYFP","type":"integer","rdfType":"http://www.w3.org/2001/XMLSchema#integer","dwSourceId":"stcountyfp"},{"name":"classfp","title":"CLASSFP","type":"string","rdfType":"http://www.w3.org/2001/XMLSchema#string","dwSourceId":"classfp"}]},"path":"data/zip_county_fips_2010_06.csv","format":"csv"},{"name":"zip_county_fips_2010_09","schema":{"fields":[{"name":"zip","title":"ZIP","type":"integer","rdfType":"http://www.w3.org/2001/XMLSchema#integer","dwSourceId":"zip"},{"name":"countyname","title":"COUNTYNAME","type":"string","rdfType":"http://www.w3.org/2001/XMLSchema#string","dwSourceId":"countyname"},{"name":"state","title":"STATE","type":"string","rdfType":"http://www.w3.org/2001/XMLSchema#string","dwSourceId":"state"},{"name":"stcountyfp","title":"STCOUNTYFP","type":"integer","rdfType":"http://www.w3.org/2001/XMLSchema#integer","dwSourceId":"stcountyfp"},{"name":"classfp","title":"CLASSFP","type":"string","rdfType":"http://www.w3.org/2001/XMLSchema#string","dwSourceId":"classfp"}]},"path":"data/zip_county_fips_2010_09.csv","format":"csv"},{"name":"zip_county_fips_2010_12","schema":{"fields":[{"name":"zip","title":"ZIP","type":"integer","rdfType":"http://www.w3.org/2001/XMLSchema#integer","dwSourceId":"zip"},{"name":"countyname","title":"COUNTYNAME","type":"string","rdfType":"http://www.w3.org/2001/XMLSchema#string","dwSourceId":"countyname"},{"name":"state","title":"STATE","type":"string","rdfType":"http://www.w3.org/2001/XMLSchema#string","dwSourceId":"state"},{"name":"stcountyfp","title":"STCOUNTYFP","type":"integer","rdfType":"http://www.w3.org/2001/XMLSchema#integer","dwSourceId":"stcountyfp"},{"name":"classfp","title":"CLASSFP","type":"string","rdfType":"http://www.w3.org/2001/XMLSchema#string","dwSourceId":"classfp"}]},"path":"data/zip_county_fips_2010_12.csv","format":"csv"},{"name":"zip_county_fips_2011_03","schema":{"fields":[{"name":"zip","title":"ZIP","type":"integer","rdfType":"http://www.w3.org/2001/XMLSchema#integer","dwSourceId":"zip"},{"name":"countyname","title":"COUNTYNAME","type":"string","rdfType":"http://www.w3.org/2001/XMLSchema#string","dwSourceId":"countyname"},{"name":"state","title":"STATE","type":"string","rdfType":"http://www.w3.org/2001/XMLSchema#string","dwSourceId":"state"},{"name":"stcountyfp","title":"STCOUNTYFP","type":"integer","rdfType":"http://www.w3.org/2001/XMLSchema#integer","dwSourceId":"stcountyfp"},{"name":"classfp","title":"CLASSFP","type":"string","rdfType":"http://www.w3.org/2001/XMLSchema#string","dwSourceId":"classfp"}]},"path":"data/zip_county_fips_2011_03.csv","format":"csv"},{"name":"zip_county_fips_2011_06","schema":{"fields":[{"name":"zip","title":"ZIP","type":"integer","rdfType":"http://www.w3.org/2001/XMLSchema#integer","dwSourceId":"zip"},{"name":"countyname","title":"COUNTYNAME","type":"string","rdfType":"http://www.w3.org/2001/XMLSchema#string","dwSourceId":"countyname"},{"name":"state","title":"STATE","type":"string","rdfType":"http://www.w3.org/2001/XMLSchema#string","dwSourceId":"state"},{"name":"stcountyfp","title":"STCOUNTYFP","type":"integer","rdfType":"http://www.w3.org/2001/XMLSchema#integer","dwSourceId":"stcountyfp"},{"name":"classfp","title":"CLASSFP","type":"string","rdfType":"http://www.w3.org/2001/XMLSchema#string","dwSourceId":"classfp"}]},"path":"data/zip_county_fips_2011_06.csv","format":"csv"},{"name":"zip_county_fips_2011_09","schema":{"fields":[{"name":"zip","title":"ZIP","type":"integer","rdfType":"http://www.w3.org/2001/XMLSchema#integer","dwSourceId":"zip"},{"name":"countyname","title":"COUNTYNAME","type":"string","rdfType":"http://www.w3.org/2001/XMLSchema#string","dwSourceId":"countyname"},{"name":"state","title":"STATE","type":"string","rdfType":"http://www.w3.org/2001/XMLSchema#string","dwSourceId":"state"},{"name":"stcountyfp","title":"STCOUNTYFP","type":"integer","rdfType":"http://www.w3.org/2001/XMLSchema#integer","dwSourceId":"stcountyfp"},{"name":"classfp","title":"CLASSFP","type":"string","rdfType":"http://www.w3.org/2001/XMLSchema#string","dwSourceId":"classfp"}]},"path":"data/zip_county_fips_2011_09.csv","format":"csv"},{"name":"zip_county_fips_2011_12","schema":{"fields":[{"name":"zip","title":"ZIP","type":"integer","rdfType":"http://www.w3.org/2001/XMLSchema#integer","dwSourceId":"zip"},{"name":"countyname","title":"COUNTYNAME","type":"string","rdfType":"http://www.w3.org/2001/XMLSchema#string","dwSourceId":"countyname"},{"name":"state","title":"STATE","type":"string","rdfType":"http://www.w3.org/2001/XMLSchema#string","dwSourceId":"state"},{"name":"stcountyfp","title":"STCOUNTYFP","type":"integer","rdfType":"http://www.w3.org/2001/XMLSchema#integer","dwSourceId":"stcountyfp"},{"name":"classfp","title":"CLASSFP","type":"string","rdfType":"http://www.w3.org/2001/XMLSchema#string","dwSourceId":"classfp"}]},"path":"data/zip_county_fips_2011_12.csv","format":"csv"},{"name":"zip_county_fips_2012_03","schema":{"fields":[{"name":"zip","title":"ZIP","type":"integer","rdfType":"http://www.w3.org/2001/XMLSchema#integer","dwSourceId":"zip"},{"name":"countyname","title":"COUNTYNAME","type":"string","rdfType":"http://www.w3.org/2001/XMLSchema#string","dwSourceId":"countyname"},{"name":"state","title":"STATE","type":"string","rdfType":"http://www.w3.org/2001/XMLSchema#string","dwSourceId":"state"},{"name":"stcountyfp","title":"STCOUNTYFP","type":"integer","rdfType":"http://www.w3.org/2001/XMLSchema#integer","dwSourceId":"stcountyfp"},{"name":"classfp","title":"CLASSFP","type":"string","rdfType":"http://www.w3.org/2001/XMLSchema#string","dwSourceId":"classfp"}]},"path":"data/zip_county_fips_2012_03.csv","format":"csv"},{"name":"zip_county_fips_2012_06","schema":{"fields":[{"name":"zip","title":"ZIP","type":"integer","rdfType":"http://www.w3.org/2001/XMLSchema#integer","dwSourceId":"zip"},{"name":"countyname","title":"COUNTYNAME","type":"string","rdfType":"http://www.w3.org/2001/XMLSchema#string","dwSourceId":"countyname"},{"name":"state","title":"STATE","type":"string","rdfType":"http://www.w3.org/2001/XMLSchema#string","dwSourceId":"state"},{"name":"stcountyfp","title":"STCOUNTYFP","type":"integer","rdfType":"http://www.w3.org/2001/XMLSchema#integer","dwSourceId":"stcountyfp"},{"name":"classfp","title":"CLASSFP","type":"string","rdfType":"http://www.w3.org/2001/XMLSchema#string","dwSourceId":"classfp"}]},"path":"data/zip_county_fips_2012_06.csv","format":"csv"},{"name":"zip_county_fips_2012_09","schema":{"fields":[{"name":"zip","title":"ZIP","type":"integer","rdfType":"http://www.w3.org/2001/XMLSchema#integer","dwSourceId":"zip"},{"name":"countyname","title":"COUNTYNAME","type":"string","rdfType":"http://www.w3.org/2001/XMLSchema#string","dwSourceId":"countyname"},{"name":"state","title":"STATE","type":"string","rdfType":"http://www.w3.org/2001/XMLSchema#string","dwSourceId":"state"},{"name":"stcountyfp","title":"STCOUNTYFP","type":"integer","rdfType":"http://www.w3.org/2001/XMLSchema#integer","dwSourceId":"stcountyfp"},{"name":"classfp","title":"CLASSFP","type":"string","rdfType":"http://www.w3.org/2001/XMLSchema#string","dwSourceId":"classfp"}]},"path":"data/zip_county_fips_2012_09.csv","format":"csv"},{"name":"zip_county_fips_2012_12","schema":{"fields":[{"name":"zip","title":"ZIP","type":"integer","rdfType":"http://www.w3.org/2001/XMLSchema#integer","dwSourceId":"zip"},{"name":"countyname","title":"COUNTYNAME","type":"string","rdfType":"http://www.w3.org/2001/XMLSchema#string","dwSourceId":"countyname"},{"name":"state","title":"STATE","type":"string","rdfType":"http://www.w3.org/2001/XMLSchema#string","dwSourceId":"state"},{"name":"stcountyfp","title":"STCOUNTYFP","type":"integer","rdfType":"http://www.w3.org/2001/XMLSchema#integer","dwSourceId":"stcountyfp"},{"name":"classfp","title":"CLASSFP","type":"string","rdfType":"http://www.w3.org/2001/XMLSchema#string","dwSourceId":"classfp"}]},"path":"data/zip_county_fips_2012_12.csv","format":"csv"},{"name":"zip_county_fips_2013_03","schema":{"fields":[{"name":"zip","title":"ZIP","type":"integer","rdfType":"http://www.w3.org/2001/XMLSchema#integer","dwSourceId":"zip"},{"name":"countyname","title":"COUNTYNAME","type":"string","rdfType":"http://www.w3.org/2001/XMLSchema#string","dwSourceId":"countyname"},{"name":"state","title":"STATE","type":"string","rdfType":"http://www.w3.org/2001/XMLSchema#string","dwSourceId":"state"},{"name":"stcountyfp","title":"STCOUNTYFP","type":"integer","rdfType":"http://www.w3.org/2001/XMLSchema#integer","dwSourceId":"stcountyfp"},{"name":"classfp","title":"CLASSFP","type":"string","rdfType":"http://www.w3.org/2001/XMLSchema#string","dwSourceId":"classfp"}]},"path":"data/zip_county_fips_2013_03.csv","format":"csv"},{"name":"zip_county_fips_2013_06","schema":{"fields":[{"name":"zip","title":"ZIP","type":"integer","rdfType":"http://www.w3.org/2001/XMLSchema#integer","dwSourceId":"zip"},{"name":"countyname","title":"COUNTYNAME","type":"string","rdfType":"http://www.w3.org/2001/XMLSchema#string","dwSourceId":"countyname"},{"name":"state","title":"STATE","type":"string","rdfType":"http://www.w3.org/2001/XMLSchema#string","dwSourceId":"state"},{"name":"stcountyfp","title":"STCOUNTYFP","type":"integer","rdfType":"http://www.w3.org/2001/XMLSchema#integer","dwSourceId":"stcountyfp"},{"name":"classfp","title":"CLASSFP","type":"string","rdfType":"http://www.w3.org/2001/XMLSchema#string","dwSourceId":"classfp"}]},"path":"data/zip_county_fips_2013_06.csv","format":"csv"},{"name":"zip_county_fips_2013_09","schema":{"fields":[{"name":"zip","title":"ZIP","type":"integer","rdfType":"http://www.w3.org/2001/XMLSchema#integer","dwSourceId":"zip"},{"name":"countyname","title":"COUNTYNAME","type":"string","rdfType":"http://www.w3.org/2001/XMLSchema#string","dwSourceId":"countyname"},{"name":"state","title":"STATE","type":"string","rdfType":"http://www.w3.org/2001/XMLSchema#string","dwSourceId":"state"},{"name":"stcountyfp","title":"STCOUNTYFP","type":"integer","rdfType":"http://www.w3.org/2001/XMLSchema#integer","dwSourceId":"stcountyfp"},{"name":"classfp","title":"CLASSFP","type":"string","rdfType":"http://www.w3.org/2001/XMLSchema#string","dwSourceId":"classfp"}]},"path":"data/zip_county_fips_2013_09.csv","format":"csv"},{"name":"zip_county_fips_2013_12","schema":{"fields":[{"name":"zip","title":"ZIP","type":"integer","rdfType":"http://www.w3.org/2001/XMLSchema#integer","dwSourceId":"zip"},{"name":"countyname","title":"COUNTYNAME","type":"string","rdfType":"http://www.w3.org/2001/XMLSchema#string","dwSourceId":"countyname"},{"name":"state","title":"STATE","type":"string","rdfType":"http://www.w3.org/2001/XMLSchema#string","dwSourceId":"state"},{"name":"stcountyfp","title":"STCOUNTYFP","type":"integer","rdfType":"http://www.w3.org/2001/XMLSchema#integer","dwSourceId":"stcountyfp"},{"name":"classfp","title":"CLASSFP","type":"string","rdfType":"http://www.w3.org/2001/XMLSchema#string","dwSourceId":"classfp"}]},"path":"data/zip_county_fips_2013_12.csv","format":"csv"},{"name":"zip_county_fips_2014_03","schema":{"fields":[{"name":"zip","title":"ZIP","type":"integer","rdfType":"http://www.w3.org/2001/XMLSchema#integer","dwSourceId":"zip"},{"name":"countyname","title":"COUNTYNAME","type":"string","rdfType":"http://www.w3.org/2001/XMLSchema#string","dwSourceId":"countyname"},{"name":"state","title":"STATE","type":"string","rdfType":"http://www.w3.org/2001/XMLSchema#string","dwSourceId":"state"},{"name":"stcountyfp","title":"STCOUNTYFP","type":"integer","rdfType":"http://www.w3.org/2001/XMLSchema#integer","dwSourceId":"stcountyfp"},{"name":"classfp","title":"CLASSFP","type":"string","rdfType":"http://www.w3.org/2001/XMLSchema#string","dwSourceId":"classfp"}]},"path":"data/zip_county_fips_2014_03.csv","format":"csv"},{"name":"zip_county_fips_2014_06","schema":{"fields":[{"name":"zip","title":"ZIP","type":"integer","rdfType":"http://www.w3.org/2001/XMLSchema#integer","dwSourceId":"zip"},{"name":"countyname","title":"COUNTYNAME","type":"string","rdfType":"http://www.w3.org/2001/XMLSchema#string","dwSourceId":"countyname"},{"name":"state","title":"STATE","type":"string","rdfType":"http://www.w3.org/2001/XMLSchema#string","dwSourceId":"state"},{"name":"stcountyfp","title":"STCOUNTYFP","type":"integer","rdfType":"http://www.w3.org/2001/XMLSchema#integer","dwSourceId":"stcountyfp"},{"name":"classfp","title":"CLASSFP","type":"string","rdfType":"http://www.w3.org/2001/XMLSchema#string","dwSourceId":"classfp"}]},"path":"data/zip_county_fips_2014_06.csv","format":"csv"},{"name":"zip_county_fips_2014_09","schema":{"fields":[{"name":"zip","title":"ZIP","type":"integer","rdfType":"http://www.w3.org/2001/XMLSchema#integer","dwSourceId":"zip"},{"name":"countyname","title":"COUNTYNAME","type":"string","rdfType":"http://www.w3.org/2001/XMLSchema#string","dwSourceId":"countyname"},{"name":"state","title":"STATE","type":"string","rdfType":"http://www.w3.org/2001/XMLSchema#string","dwSourceId":"state"},{"name":"stcountyfp","title":"STCOUNTYFP","type":"integer","rdfType":"http://www.w3.org/2001/XMLSchema#integer","dwSourceId":"stcountyfp"},{"name":"classfp","title":"CLASSFP","type":"string","rdfType":"http://www.w3.org/2001/XMLSchema#string","dwSourceId":"classfp"}]},"path":"data/zip_county_fips_2014_09.csv","format":"csv"},{"name":"zip_county_fips_2014_12","schema":{"fields":[{"name":"zip","title":"ZIP","type":"integer","rdfType":"http://www.w3.org/2001/XMLSchema#integer","dwSourceId":"zip"},{"name":"countyname","title":"COUNTYNAME","type":"string","rdfType":"http://www.w3.org/2001/XMLSchema#string","dwSourceId":"countyname"},{"name":"state","title":"STATE","type":"string","rdfType":"http://www.w3.org/2001/XMLSchema#string","dwSourceId":"state"},{"name":"stcountyfp","title":"STCOUNTYFP","type":"integer","rdfType":"http://www.w3.org/2001/XMLSchema#integer","dwSourceId":"stcountyfp"},{"name":"classfp","title":"CLASSFP","type":"string","rdfType":"http://www.w3.org/2001/XMLSchema#string","dwSourceId":"classfp"}]},"path":"data/zip_county_fips_2014_12.csv","format":"csv"},{"name":"zip_county_fips_2015_03","schema":{"fields":[{"name":"zip","title":"ZIP","type":"integer","rdfType":"http://www.w3.org/2001/XMLSchema#integer","dwSourceId":"zip"},{"name":"countyname","title":"COUNTYNAME","type":"string","rdfType":"http://www.w3.org/2001/XMLSchema#string","dwSourceId":"countyname"},{"name":"state","title":"STATE","type":"string","rdfType":"http://www.w3.org/2001/XMLSchema#string","dwSourceId":"state"},{"name":"stcountyfp","title":"STCOUNTYFP","type":"integer","rdfType":"http://www.w3.org/2001/XMLSchema#integer","dwSourceId":"stcountyfp"},{"name":"classfp","title":"CLASSFP","type":"string","rdfType":"http://www.w3.org/2001/XMLSchema#string","dwSourceId":"classfp"}]},"path":"data/zip_county_fips_2015_03.csv","format":"csv"},{"name":"zip_county_fips_2015_06","schema":{"fields":[{"name":"zip","title":"ZIP","type":"integer","rdfType":"http://www.w3.org/2001/XMLSchema#integer","dwSourceId":"zip"},{"name":"countyname","title":"COUNTYNAME","type":"string","rdfType":"http://www.w3.org/2001/XMLSchema#string","dwSourceId":"countyname"},{"name":"state","title":"STATE","type":"string","rdfType":"http://www.w3.org/2001/XMLSchema#string","dwSourceId":"state"},{"name":"stcountyfp","title":"STCOUNTYFP","type":"integer","rdfType":"http://www.w3.org/2001/XMLSchema#integer","dwSourceId":"stcountyfp"},{"name":"classfp","title":"CLASSFP","type":"string","rdfType":"http://www.w3.org/2001/XMLSchema#string","dwSourceId":"classfp"}]},"path":"data/zip_county_fips_2015_06.csv","format":"csv"},{"name":"zip_county_fips_2015_09","schema":{"fields":[{"name":"zip","title":"ZIP","type":"integer","rdfType":"http://www.w3.org/2001/XMLSchema#integer","dwSourceId":"zip"},{"name":"countyname","title":"COUNTYNAME","type":"string","rdfType":"http://www.w3.org/2001/XMLSchema#string","dwSourceId":"countyname"},{"name":"state","title":"STATE","type":"string","rdfType":"http://www.w3.org/2001/XMLSchema#string","dwSourceId":"state"},{"name":"stcountyfp","title":"STCOUNTYFP","type":"integer","rdfType":"http://www.w3.org/2001/XMLSchema#integer","dwSourceId":"stcountyfp"},{"name":"classfp","title":"CLASSFP","type":"string","rdfType":"http://www.w3.org/2001/XMLSchema#string","dwSourceId":"classfp"}]},"path":"data/zip_county_fips_2015_09.csv","format":"csv"},{"name":"zip_county_fips_2015_12","schema":{"fields":[{"name":"zip","title":"ZIP","type":"integer","rdfType":"http://www.w3.org/2001/XMLSchema#integer","dwSourceId":"zip"},{"name":"countyname","title":"COUNTYNAME","type":"string","rdfType":"http://www.w3.org/2001/XMLSchema#string","dwSourceId":"countyname"},{"name":"state","title":"STATE","type":"string","rdfType":"http://www.w3.org/2001/XMLSchema#string","dwSourceId":"state"},{"name":"stcountyfp","title":"STCOUNTYFP","type":"integer","rdfType":"http://www.w3.org/2001/XMLSchema#integer","dwSourceId":"stcountyfp"},{"name":"classfp","title":"CLASSFP","type":"string","rdfType":"http://www.w3.org/2001/XMLSchema#string","dwSourceId":"classfp"}]},"path":"data/zip_county_fips_2015_12.csv","format":"csv"},{"name":"zip_county_fips_2016_03","schema":{"fields":[{"name":"zip","title":"ZIP","type":"integer","rdfType":"http://www.w3.org/2001/XMLSchema#integer","dwSourceId":"zip"},{"name":"countyname","title":"COUNTYNAME","type":"string","rdfType":"http://www.w3.org/2001/XMLSchema#string","dwSourceId":"countyname"},{"name":"state","title":"STATE","type":"string","rdfType":"http://www.w3.org/2001/XMLSchema#string","dwSourceId":"state"},{"name":"stcountyfp","title":"STCOUNTYFP","type":"integer","rdfType":"http://www.w3.org/2001/XMLSchema#integer","dwSourceId":"stcountyfp"},{"name":"classfp","title":"CLASSFP","type":"string","rdfType":"http://www.w3.org/2001/XMLSchema#string","dwSourceId":"classfp"}]},"path":"data/zip_county_fips_2016_03.csv","format":"csv"},{"name":"zip_county_fips_2016_06","schema":{"fields":[{"name":"zip","title":"ZIP","type":"integer","rdfType":"http://www.w3.org/2001/XMLSchema#integer","dwSourceId":"zip"},{"name":"countyname","title":"COUNTYNAME","type":"string","rdfType":"http://www.w3.org/2001/XMLSchema#string","dwSourceId":"countyname"},{"name":"state","title":"STATE","type":"string","rdfType":"http://www.w3.org/2001/XMLSchema#string","dwSourceId":"state"},{"name":"stcountyfp","title":"STCOUNTYFP","type":"integer","rdfType":"http://www.w3.org/2001/XMLSchema#integer","dwSourceId":"stcountyfp"},{"name":"classfp","title":"CLASSFP","type":"string","rdfType":"http://www.w3.org/2001/XMLSchema#string","dwSourceId":"classfp"}]},"path":"data/zip_county_fips_2016_06.csv","format":"csv"},{"name":"zip_county_fips_2016_09","schema":{"fields":[{"name":"zip","title":"ZIP","type":"integer","rdfType":"http://www.w3.org/2001/XMLSchema#integer","dwSourceId":"zip"},{"name":"countyname","title":"COUNTYNAME","type":"string","rdfType":"http://www.w3.org/2001/XMLSchema#string","dwSourceId":"countyname"},{"name":"state","title":"STATE","type":"string","rdfType":"http://www.w3.org/2001/XMLSchema#string","dwSourceId":"state"},{"name":"stcountyfp","title":"STCOUNTYFP","type":"integer","rdfType":"http://www.w3.org/2001/XMLSchema#integer","dwSourceId":"stcountyfp"},{"name":"classfp","title":"CLASSFP","type":"string","rdfType":"http://www.w3.org/2001/XMLSchema#string","dwSourceId":"classfp"}]},"path":"data/zip_county_fips_2016_09.csv","format":"csv"},{"name":"zip_county_fips_2016_12","schema":{"fields":[{"name":"zip","title":"ZIP","type":"integer","rdfType":"http://www.w3.org/2001/XMLSchema#integer","dwSourceId":"zip"},{"name":"countyname","title":"COUNTYNAME","type":"string","rdfType":"http://www.w3.org/2001/XMLSchema#string","dwSourceId":"countyname"},{"name":"state","title":"STATE","type":"string","rdfType":"http://www.w3.org/2001/XMLSchema#string","dwSourceId":"state"},{"name":"stcountyfp","title":"STCOUNTYFP","type":"integer","rdfType":"http://www.w3.org/2001/XMLSchema#integer","dwSourceId":"stcountyfp"},{"name":"classfp","title":"CLASSFP","type":"string","rdfType":"http://www.w3.org/2001/XMLSchema#string","dwSourceId":"classfp"}]},"path":"data/zip_county_fips_2016_12.csv","format":"csv"},{"name":"zip_county_fips_2017_03","schema":{"fields":[{"name":"zip","title":"ZIP","type":"integer","rdfType":"http://www.w3.org/2001/XMLSchema#integer","dwSourceId":"zip"},{"name":"countyname","title":"COUNTYNAME","type":"string","rdfType":"http://www.w3.org/2001/XMLSchema#string","dwSourceId":"countyname"},{"name":"state","title":"STATE","type":"string","rdfType":"http://www.w3.org/2001/XMLSchema#string","dwSourceId":"state"},{"name":"stcountyfp","title":"STCOUNTYFP","type":"integer","rdfType":"http://www.w3.org/2001/XMLSchema#integer","dwSourceId":"stcountyfp"},{"name":"classfp","title":"CLASSFP","type":"string","rdfType":"http://www.w3.org/2001/XMLSchema#string","dwSourceId":"classfp"}]},"path":"data/zip_county_fips_2017_03.csv","format":"csv"},{"name":"zip_county_fips_2017_06","schema":{"fields":[{"name":"zip","title":"ZIP","type":"integer","rdfType":"http://www.w3.org/2001/XMLSchema#integer","dwSourceId":"zip"},{"name":"countyname","title":"COUNTYNAME","type":"string","rdfType":"http://www.w3.org/2001/XMLSchema#string","dwSourceId":"countyname"},{"name":"state","title":"STATE","type":"string","rdfType":"http://www.w3.org/2001/XMLSchema#string","dwSourceId":"state"},{"name":"stcountyfp","title":"STCOUNTYFP","type":"integer","rdfType":"http://www.w3.org/2001/XMLSchema#integer","dwSourceId":"stcountyfp"},{"name":"classfp","title":"CLASSFP","type":"string","rdfType":"http://www.w3.org/2001/XMLSchema#string","dwSourceId":"classfp"}]},"path":"data/zip_county_fips_2017_06.csv","format":"csv"},{"name":"zip_county_fips_2018_03","schema":{"fields":[{"name":"zip","title":"ZIP","type":"string","rdfType":"http://www.w3.org/2001/XMLSchema#string","dwSourceId":"zip"},{"name":"stcountyfp","title":"STCOUNTYFP","type":"string","rdfType":"http://www.w3.org/2001/XMLSchema#string","dwSourceId":"stcountyfp"},{"name":"city","title":"CITY","type":"string","rdfType":"http://www.w3.org/2001/XMLSchema#string","dwSourceId":"city"},{"name":"state","title":"STATE","type":"string","rdfType":"http://www.w3.org/2001/XMLSchema#string","dwSourceId":"state"},{"name":"countyname","title":"COUNTYNAME","type":"string","rdfType":"http://www.w3.org/2001/XMLSchema#string","dwSourceId":"countyname"},{"name":"classfp","title":"CLASSFP","type":"string","rdfType":"http://www.w3.org/2001/XMLSchema#string","dwSourceId":"classfp"}]},"path":"data/zip_county_fips_2018_03.csv","format":"csv"},{"name":"original/ZIP-COUNTY-FIPS_2010-03.csv","path":"original/ZIP-COUNTY-FIPS_2010-03.csv","format":"csv","mediatype":"text/csv","bytes":1602739},{"name":"original/ZIP-COUNTY-FIPS_2010-06.csv","path":"original/ZIP-COUNTY-FIPS_2010-06.csv","format":"csv","mediatype":"text/csv","bytes":1603933},{"name":"original/ZIP-COUNTY-FIPS_2010-09.csv","path":"original/ZIP-COUNTY-FIPS_2010-09.csv","format":"csv","mediatype":"text/csv","bytes":1601209},{"name":"original/ZIP-COUNTY-FIPS_2010-12.csv","path":"original/ZIP-COUNTY-FIPS_2010-12.csv","format":"csv","mediatype":"text/csv","bytes":1606804},{"name":"original/ZIP-COUNTY-FIPS_2011-03.csv","path":"original/ZIP-COUNTY-FIPS_2011-03.csv","format":"csv","mediatype":"text/csv","bytes":1606846},{"name":"original/ZIP-COUNTY-FIPS_2011-06.csv","path":"original/ZIP-COUNTY-FIPS_2011-06.csv","format":"csv","mediatype":"text/csv","bytes":1607194},{"name":"original/ZIP-COUNTY-FIPS_2011-09.csv","path":"original/ZIP-COUNTY-FIPS_2011-09.csv","format":"csv","mediatype":"text/csv","bytes":1606987},{"name":"original/ZIP-COUNTY-FIPS_2011-12.csv","path":"original/ZIP-COUNTY-FIPS_2011-12.csv","format":"csv","mediatype":"text/csv","bytes":1696269},{"name":"original/ZIP-COUNTY-FIPS_2012-03.csv","path":"original/ZIP-COUNTY-FIPS_2012-03.csv","format":"csv","mediatype":"text/csv","bytes":1707512},{"name":"original/ZIP-COUNTY-FIPS_2012-06.csv","path":"original/ZIP-COUNTY-FIPS_2012-06.csv","format":"csv","mediatype":"text/csv","bytes":1711483},{"name":"original/ZIP-COUNTY-FIPS_2012-09.csv","path":"original/ZIP-COUNTY-FIPS_2012-09.csv","format":"csv","mediatype":"text/csv","bytes":1712304},{"name":"original/ZIP-COUNTY-FIPS_2012-12.csv","path":"original/ZIP-COUNTY-FIPS_2012-12.csv","format":"csv","mediatype":"text/csv","bytes":1712219},{"name":"original/ZIP-COUNTY-FIPS_2013-03.csv","path":"original/ZIP-COUNTY-FIPS_2013-03.csv","format":"csv","mediatype":"text/csv","bytes":1712254},{"name":"original/ZIP-COUNTY-FIPS_2013-06.csv","path":"original/ZIP-COUNTY-FIPS_2013-06.csv","format":"csv","mediatype":"text/csv","bytes":1713317},{"name":"original/ZIP-COUNTY-FIPS_2013-09.csv","path":"original/ZIP-COUNTY-FIPS_2013-09.csv","format":"csv","mediatype":"text/csv","bytes":1739521},{"name":"original/ZIP-COUNTY-FIPS_2013-12.csv","path":"original/ZIP-COUNTY-FIPS_2013-12.csv","format":"csv","mediatype":"text/csv","bytes":1739276},{"name":"original/ZIP-COUNTY-FIPS_2014-03.csv","path":"original/ZIP-COUNTY-FIPS_2014-03.csv","format":"csv","mediatype":"text/csv","bytes":1740326},{"name":"original/ZIP-COUNTY-FIPS_2014-06.csv","path":"original/ZIP-COUNTY-FIPS_2014-06.csv","format":"csv","mediatype":"text/csv","bytes":1743879},{"name":"original/ZIP-COUNTY-FIPS_2014-09.csv","path":"original/ZIP-COUNTY-FIPS_2014-09.csv","format":"csv","mediatype":"text/csv","bytes":1754691},{"name":"original/ZIP-COUNTY-FIPS_2014-12.csv","path":"original/ZIP-COUNTY-FIPS_2014-12.csv","format":"csv","mediatype":"text/csv","bytes":1755736},{"name":"original/ZIP-COUNTY-FIPS_2015-03.csv","path":"original/ZIP-COUNTY-FIPS_2015-03.csv","format":"csv","mediatype":"text/csv","bytes":1766310},{"name":"original/ZIP-COUNTY-FIPS_2015-06.csv","path":"original/ZIP-COUNTY-FIPS_2015-06.csv","format":"csv","mediatype":"text/csv","bytes":1767277},{"name":"original/ZIP-COUNTY-FIPS_2015-09.csv","path":"original/ZIP-COUNTY-FIPS_2015-09.csv","format":"csv","mediatype":"text/csv","bytes":1768346},{"name":"original/ZIP-COUNTY-FIPS_2015-12.csv","path":"original/ZIP-COUNTY-FIPS_2015-12.csv","format":"csv","mediatype":"text/csv","bytes":1769371},{"name":"original/ZIP-COUNTY-FIPS_2016-03.csv","path":"original/ZIP-COUNTY-FIPS_2016-03.csv","format":"csv","mediatype":"text/csv","bytes":1790693},{"name":"original/ZIP-COUNTY-FIPS_2016-06.csv","path":"original/ZIP-COUNTY-FIPS_2016-06.csv","format":"csv","mediatype":"text/csv","bytes":1790356},{"name":"original/ZIP-COUNTY-FIPS_2016-09.csv","path":"original/ZIP-COUNTY-FIPS_2016-09.csv","format":"csv","mediatype":"text/csv","bytes":1790313},{"name":"original/ZIP-COUNTY-FIPS_2016-12.csv","path":"original/ZIP-COUNTY-FIPS_2016-12.csv","format":"csv","mediatype":"text/csv","bytes":1790484},{"name":"original/ZIP-COUNTY-FIPS_2017-03.csv","path":"original/ZIP-COUNTY-FIPS_2017-03.csv","format":"csv","mediatype":"text/csv","bytes":1809900},{"name":"original/ZIP-COUNTY-FIPS_2017-06.csv","path":"original/ZIP-COUNTY-FIPS_2017-06.csv","format":"csv","mediatype":"text/csv","bytes":1810196},{"name":"original/ZIP-COUNTY-FIPS_2018-03.csv","path":"original/ZIP-COUNTY-FIPS_2018-03.csv","format":"csv","mediatype":"text/csv","bytes":2359970}],"keywords":["us zipcode","zipcode","zip code","fips","hud","census","county name","state","county","usps","national country","zipcode city"]}