<?xml version="1.0"?>
<!--<!DOCTYPE metadata SYSTEM "http://www.esri.com/metadata/esriprof80.dtd">-->
<metadata xml:lang="en"><Esri><CreaDate>20110404</CreaDate><CreaTime>16285800</CreaTime><SyncOnce>TRUE</SyncOnce><DataProperties><lineage><Process ToolSource="C:\Program Files\ArcGIS\ArcToolbox\Toolboxes\Data Management Tools.tbx\RemoveSpatialIndex" Date="20090602" Time="182424">RemoveSpatialIndex "C:\Program Files\autobound9\Layerbackup\AB9Plan.gdb\PlanBoundary" "C:\Program Files\autobound9\Layerbackup\AB9Plan.gdb\PlanBoundary"</Process><Process ToolSource="C:\Program Files (x86)\ArcGIS\ArcToolbox\Toolboxes\Data Management Tools.tbx\AddSpatialIndex" Date="20101229" Time="171334">AddSpatialIndex "Plan Boundary" 0 0 0 "Plan Boundary"</Process><Process ToolSource="C:\Program Files (x86)\ArcGIS\ArcToolbox\Toolboxes\Data Management Tools.tbx\AddIndex" Date="20101229" Time="171427">AddIndex "Plan Boundary" District_Number # NON_UNIQUE NON_ASCENDING "Plan Boundary"</Process></lineage></DataProperties><ArcGISFormat>1.0</ArcGISFormat></Esri></metadata>
